{"0": 0.8171719312667847, "1": 0.7370011806488037, "2": 0.8415123224258423, "3": 0.7000000000000001, "4": 0.8267257213592529, "5": 0.6372424960136414, "6": 0.8564683198928833, "7": 0.5, "8": 0.7062891125679016, "9": 0.8076981902122498, "10": 0.8210455775260925, "11": 0.8415869474411011, "12": 0.7153791785240173, "13": 0.6000000000000001, "14": 0.814375638961792, "15": 0.7171792984008789, "16": 0.6978525519371033, "17": 0.7783438563346863, "18": 0.6963393688201904, "19": 0.7000000000000001, "20": 0.7868095636367798, "21": 0.4, "22": 0.6861132979393005, "23": 0.6963664293289185, "24": 0.7872535586357117, "25": 0.6784171462059021, "26": 0.7757211327552795, "27": 0.7368178367614746, "28": 0.7766251564025879, "29": 0.7239562869071959, "30": 0.8089181184768677, "31": 0.8036381602287292, "32": 0.4, "33": 0.7314433455467224, "34": 0.7468215227127075, "35": 0.7664555907249451, "36": 0.7587030529975891, "37": 0.6921090483665466, "38": 0.6181031465530396, "39": 0.7888054847717285, "40": 0.7000000000000001, "41": 0.7506051659584045, "42": 0.7318520545959473, "43": 0.6969060301780701, "44": 0.6164402961730957, "45": 0.7839401364326477, "46": 0.8266826272010803, "47": 0.7730882167816162, "48": 0.6077653169631958, "49": 0.7803875803947449, "50": 0.6995302438735962, "51": 0.6524946093559265, "52": 0.8118928074836731, "53": 0.6150990128517151, "54": 0.9235615730285645, "55": 0.8100412487983704, "56": 0.7147022485733032, "57": 0.5460593104362488, "58": 0.8166335225105286, "59": 0.7739570140838623, "60": 0.6340476274490356, "61": 0.8743767738342285, "62": 0.7302189469337463, "63": 0.6976913809776306, "64": 0.7000000000000001, "65": 0.5609336495399475, "66": 0.7000000000000001, "67": 0.8613855838775635, "68": 0.854170024394989, "69": 0.7510865926742554, "70": 0.7637728452682495, "71": 0.8438208699226379, "72": 0.8985902667045593, "73": 0.6000000000000001, "74": 0.7654101848602295, "75": 0.7963073849678041, "76": 0.4836481809616089, "77": 0.6373218297958374, "78": 0.8365468382835388, "79": 0.5539669990539551, "80": 0.7727359533309937, "81": 0.7907488942146301, "82": 0.7756872177124023, "83": 0.7598379850387573, "84": 0.8, "85": 0.8523692488670349}