{
    "0": 0.310806006193161,
    "1": 0.2678695321083069,
    "2": 0.39255255460739136,
    "3": 0.32074061036109924,
    "4": 0.3592535555362701,
    "5": 0.3490024209022522,
    "6": 0.4250137507915497,
    "7": 0.2060225009918213,
    "8": 0.37560704350471497
}