{"0": 0.13395027816295624, "1": 0.6131580471992493, "2": 0.19391193985939026, "3": 0.7216836214065552, "4": 0.8222211599349976, "5": 0.3464394211769104, "6": 0.3952960968017578, "7": 0.5186007022857666, "8": 0.18767648935317996, "9": 0.5510601401329039, "10": 0.6738759875297546, "11": 0.3023021221160889, "12": 0.2862210273742676, "13": 0.2458060681819916, "14": 0.18493999540805814, "15": 0.5844489336013794, "16": 0.08766455948352814, "17": 0.36869731545448303, "18": 0.21003717184066767, "19": 0.4628359973430634, "20": 0.4835579097270966, "21": 0.2785279154777527, "22": 0.6568660736083984, "23": 0.3333601057529449, "24": 0.2157486081123352, "25": 0.5449026226997375, "26": 0.6445242166519165, "27": 0.11819978803396225, "28": 0.419182151556015, "29": 0.2567136883735657, "30": 0.2270551323890686, "31": 0.25094473361968994, "32": 0.2388961762189865, "33": 0.2558096349239349, "34": 0.32151126861572266, "35": 0.10221194475889206, "36": 0.4936864674091339, "37": 0.6708039045333862, "38": 0.2645832896232605, "39": 0.27710968255996704, "40": 0.3057393133640289, "41": 0.21248702704906464, "42": 0.2349076867103577, "43": 0.24491310119628906, "44": 0.4486784934997559, "45": 0.3456023931503296, "46": 0.3765470981597901, "47": 0.29938533902168274, "48": 0.3887324333190918, "49": 0.2664884328842163, "50": 0.4158714115619659, "51": 0.1768038123846054, "52": 0.3649550974369049, "53": 0.3367239832878113, "54": 0.07542295753955841, "55": 0.1693175584077835, "56": 0.20082157850265506, "57": 0.4276385307312012, "58": 0.33764854073524475, "59": 0.4312148094177246, "60": 0.278516948223114, "61": 0.38460615277290333}